id,date,publication,title,url,link,image,type,language,person_or_company,source,thread_id,attachment_note,confidence,hidden,pub_rank,notes
2013-08-techcrunch-lima-chromecast-kickstarter-top10,2013-08-15,TechCrunch,"Dropbox Alternative Lima (Née Plug) Works With Chromecast, Breaks Into Kickstarter Tech Top 10",https://techcrunch.com/2013/08/15/dropbox-alternative-lima-nee-plug-works-with-chromecast-breaks-into-kickstarter-tech-top-10/,https://techcrunch.com/2013/08/15/dropbox-alternative-lima-nee-plug-works-with-chromecast-breaks-into-kickstarter-tech-top-10/,https://techcrunch.com/wp-content/uploads/2013/07/plug-kickstarter.jpg,online,en,lima,web-search,,,confirmed,false,2,"Covers Lima (rebranded from 'Plug') Kickstarter surge past $69k goal to $858k, 10th most-funded tech project at the time; quotes CEO Severin Marcombes on Chromecast streaming feature."
2013-09-crowdfundinsider-lima-brain-of-your-devices-top35,2013-09-13,Crowdfund Insider,Lima: The Brain Of Your Devices,https://www.crowdfundinsider.com/2013/09/22637-ranked-the-50-biggest-kickstarters-of-all-time/,https://www.crowdfundinsider.com/2013/09/22637-ranked-the-50-biggest-kickstarters-of-all-time/,https://www.crowdfundinsider.com/wp-content/uploads/2013/05/kickstarter-k.jpg,online,en,lima,web-search,,,confirmed,false,6,"'50 Biggest Kickstarter Campaigns Of All Time' ranking piece; lists Lima at roughly #35 with $1,229,074 raised, framed as part of the smart-home-device wave on Kickstarter."
2013-09-maddyness-lima-temoignage-marcombes,2013-09-30,Maddyness,"[Témoignage] ""Lima n'est pas seulement un projet Kickstarter"" Séverin Marcombes, CEO de Lima",https://www.maddyness.com/2013/09/30/lima-severin-marcombes/,https://www.maddyness.com/2013/09/30/lima-severin-marcombes/,https://www.maddyness.com/app/uploads/2013/07/meetplug.jpg,online,fr,severin-marcombes;lima,web-search,,,confirmed,false,13,Interview two days after the Kickstarter campaign closed at 17x its goal (6th-biggest tech project on Kickstarter); Marcombes explains why he targeted the US market.
2014-06-journaldunet-lima-levee-fonds,2014-06,Journal du Net,Lima (Cloud Guys Corporation) - levée de fonds,http://www.journaldunet.com/web-tech/start-up/lima-cloud-guys-corporation-levee-de-fonds-0614.shtml,http://www.journaldunet.com/web-tech/start-up/lima-cloud-guys-corporation-levee-de-fonds-0614.shtml,,online,fr,lima,rumeur-publique-email,1466c932e5b48751,,confirmed,true,999,Funding round announcement roundup
2014-06-pressecitron-lima-levee-fonds,2014-06,Presse Citron,Lima/Partech Ventures dans les coulisses d'une levée de fonds de 2.5 millions de dollars,http://www.presse-citron.net/limapartech-ventures-dans-les-coulisses-dune-levee-de-fonds-de-25-millions-de-dollars/,http://www.presse-citron.net/limapartech-ventures-dans-les-coulisses-dune-levee-de-fonds-de-25-millions-de-dollars/,,online,fr,lima,rumeur-publique-email,1466c932e5b48751,,confirmed,true,999,Funding round announcement roundup
2014-06-itespresso-lima-levee-fonds,2014-06,ITespresso,Financement: comment Lima a mixé crowdfunding et capital-risque,http://www.itespresso.fr/financement-comment-lima-crowdfunding-capital-risque-76030.html,http://www.itespresso.fr/financement-comment-lima-crowdfunding-capital-risque-76030.html,,online,fr,lima,rumeur-publique-email,1466c932e5b48751,,confirmed,true,999,Funding round announcement roundup
2014-06-01net-lima-levee-fonds,2014-06,01net,Stockage: la start-up Lima lève 2.5 millions de dollars,http://pro.01net.com/editorial/621134/stockage-la-start-up-lima-leve-2-5-millions-de-dollars/,http://pro.01net.com/editorial/621134/stockage-la-start-up-lima-leve-2-5-millions-de-dollars/,,online,fr,lima,rumeur-publique-email,1466c932e5b48751,,confirmed,true,999,Funding round announcement roundup
2014-06-itrmanager-lima-levee-fonds,2014-06,ITR Manager,Lima Technologie rend données accessibles partout,http://www.itrmanager.com/articles/148649/lima-technologie-rend-donnees-accessibles-partout-importe-terminal.html,http://www.itrmanager.com/articles/148649/lima-technologie-rend-donnees-accessibles-partout-importe-terminal.html,,online,fr,lima,rumeur-publique-email,1466c932e5b48751,,confirmed,true,999,Funding round announcement roundup
2014-06-nouvellesfrance-lima-levee-fonds,2014-06,Nouvelles-France,Lima lève 2.5 millions de dollars pour unifier la mémoire des devices,http://nouvelles3.com/nouvelles/lima-leve-25-millions-de-dollars-pour-unifier-la-memoire-des-devices-journal-du-net,http://nouvelles3.com/nouvelles/lima-leve-25-millions-de-dollars-pour-unifier-la-memoire-des-devices-journal-du-net,,online,fr,lima,rumeur-publique-email,1466c932e5b48751,,confirmed,true,999,Funding round announcement roundup
2014-06-geekoide-lima-levee-fonds,2014-06,Geekoide,Lima (ex-ForgetBox) lève 2.5 millions pour son cloud personnel,http://www.geekoide.fr/actualites/lima-exforgetbox-leve-25-millions-pour-son-cloud-personnel,http://www.geekoide.fr/actualites/lima-exforgetbox-leve-25-millions-pour-son-cloud-personnel,,online,fr,lima,rumeur-publique-email,1466c932e5b48751,,confirmed,true,999,Funding round announcement roundup
2014-06-zonenumerique-lima-levee-fonds-1,2014-06,Zone Numerique,Lima développe un boîtier connecté qui rassemble la mémoire des devices,http://www.zone-numerique.com/lima-developpe-un-boitier-connecte-qui-rassemble-la-memoire-des-devices.html,http://www.zone-numerique.com/lima-developpe-un-boitier-connecte-qui-rassemble-la-memoire-des-devices.html,,online,fr,lima,rumeur-publique-email,1466c932e5b48751,,confirmed,true,999,Funding round announcement roundup
2014-06-zonenumerique-lima-levee-fonds-2,2014-06,Zone Numerique,Stockage cloud privé: Lima lève 2.5 millions de dollars,http://www.zone-numerique.com/stockage-cloud-prive-lima-leve-2-5-millions-de-dollars.html,http://www.zone-numerique.com/stockage-cloud-prive-lima-leve-2-5-millions-de-dollars.html,,online,fr,lima,rumeur-publique-email,1466c932e5b48751,,confirmed,true,999,Second distinct article same outlet same roundup
2014-06-lesnouveautes-lima-levee-fonds,2014-06,Lesnouveautes.fr,Lima lève 2.5 millions de dollars pour unifier la mémoire des devices,http://lesnouveautes.fr/nouvelles/lima-leve-25-millions-de-dollars-pour-unifier-la-memoire-des-devices,http://lesnouveautes.fr/nouvelles/lima-leve-25-millions-de-dollars-pour-unifier-la-memoire-des-devices,,online,fr,lima,rumeur-publique-email,1466c932e5b48751,,confirmed,true,999,Funding round announcement roundup
2014-06-netstream-lima-levee-fonds,2014-06,Netstream.fr,Lima lève 2.5 millions de dollars pour unifier la mémoire des devices,http://www.net-stream.fr/Net/Business-du-Net/Lima-leve-2-5-millions-de-dollars-pour-unifier-la-memoire-des-devices_21_202__318064.html,http://www.net-stream.fr/Net/Business-du-Net/Lima-leve-2-5-millions-de-dollars-pour-unifier-la-memoire-des-devices_21_202__318064.html,,online,fr,lima,rumeur-publique-email,1466c932e5b48751,,confirmed,true,999,Funding round announcement roundup
2014-06-secuobs-lima-levee-fonds,2014-06,Secuobs.com,Lima levée de fonds (revue de presse),http://www.secuobs.com/revue/news/517253.shtml,http://www.secuobs.com/revue/news/517253.shtml,,online,fr,lima,rumeur-publique-email,1466c932e5b48751,,confirmed,true,999,Funding round announcement roundup
2014-06-linformatique-org-lima-levee-fonds,2014-06,LInformatique.org,Bientôt une solution pour pouvoir se créer un système de stockage en ligne privé,http://www.linformatique.org/bientot-solution-pouvoir-se-creer-systeme-stockage-en-ligne-prive/,http://www.linformatique.org/bientot-solution-pouvoir-se-creer-systeme-stockage-en-ligne-prive/,,online,fr,lima,rumeur-publique-email,1466c932e5b48751,,confirmed,true,999,Funding round announcement roundup
2014-06-infosmobiles-lima-levee-fonds,2014-06,Infos Mobiles,Lima: Dropbox personnel en connectant vos vieux disques durs,http://www.infos-mobiles.com/lima/lima-dropbox-personnel-en-connectant-vos-vieux-disques-durs/67357,http://www.infos-mobiles.com/lima/lima-dropbox-personnel-en-connectant-vos-vieux-disques-durs/67357,,online,fr,lima,rumeur-publique-email,1466c932e5b48751,,confirmed,true,999,Funding round announcement roundup
2014-06-goodmorningcrowdfunding-lima-levee-fonds,2014-06,Good Morning Crowdfunding,Levée de fonds: la start-up Lima lève 2.5M de dollars auprès de Partech Ventures,http://www.goodmorningcrowdfunding.com/levee-de-fonds-la-start-up-lima-leve-25m-de-dollars-aupres-de-partech-ventures/,http://www.goodmorningcrowdfunding.com/levee-de-fonds-la-start-up-lima-leve-25m-de-dollars-aupres-de-partech-ventures/,,online,fr,lima,rumeur-publique-email,1466c932e5b48751,,confirmed,true,999,Funding round announcement roundup
2014-06-eclairagecommerce-lima-levee-fonds,2014-06,Eclairage Commerce,Lima levée de fonds (syndication Clubic),,,,online,fr,lima,rumeur-publique-email,1466c932e5b48751,,mentioned,true,999,"Funding round announcement, syndicated Clubic content. Original URL was corrupted in extraction (fragment: eclairageprofessionnel.fr/@Clubic-...) and could not be reliably reconstructed; needs manual lookup before publishing."
2014-06-mesactus-lima-levee-fonds,2014-06,Mes Actus.net,Lima développe un boîtier connecté qui rassemble la mémoire,http://mes-actus.fr/lima-developpe-un-boitier-connecte-qui-rassemble-la-memoire-des-zone-numerique/,http://mes-actus.fr/lima-developpe-un-boitier-connecte-qui-rassemble-la-memoire-des-zone-numerique/,,online,fr,lima,rumeur-publique-email,1466c932e5b48751,,confirmed,true,999,Funding round announcement roundup
2014-06-tropgeek-lima-levee-fonds,2014-06,Tropgeek.com,Financement: comment Lima a mixé crowdfunding et capital-risque,http://www.tropgeek.com/news/Financement+%3A+comment+Lima+a+mix%C3%A9+crowdfunding+et+capital-risque,http://www.tropgeek.com/news/Financement+%3A+comment+Lima+a+mix%C3%A9+crowdfunding+et+capital-risque,,online,fr,lima,rumeur-publique-email,1466c932e5b48751,,confirmed,true,999,Funding round announcement roundup
2014-06-revue-presse-lima-pdf,2014-06,Rumeur Publique press review PDF,Revue de Presse Lima Juin 2014 (compiled clippings PDF),,,,print,fr,lima,rumeur-publique-email,146fbe4f2b63f8e7,Revue de Presse Lima Juin 2014.pdf,mentioned,true,999,"Attached compiled press-review PDF covering June 2014; individual outlets not itemized in email body, need to open PDF for specifics"
2014-06-techcrunch-lima-raises-2point5-million-partech,2014-06-04,TechCrunch,"Lima Raises $2.5 Million For Its Personal, Subscription-Free Dropbox",https://techcrunch.com/2014/06/04/lima-raises-2-5-million-for-its-personal-subscription-free-dropbox/,https://techcrunch.com/2014/06/04/lima-raises-2-5-million-for-its-personal-subscription-free-dropbox/,https://techcrunch.com/wp-content/uploads/2014/06/lima-2.jpg,online,en,lima,web-search,,,confirmed,false,2,"Covers the Partech Ventures Series A; quotes Marcombes: 'We are now producing 17,000 devices instead of 1,000 as we initially expected.'"
2014-06-lefigaro-lima-levee-fonds,2014-06-04,Le Figaro,Lima rassemble la mémoire des objets connectés,http://www.lefigaro.fr/secteur/high-tech/2014/06/04/01007-20140604ARTFIG00370-lima-rassemble-la-memoire-des-objets-connectes.php,http://www.lefigaro.fr/secteur/high-tech/2014/06/04/01007-20140604ARTFIG00370-lima-rassemble-la-memoire-des-objets-connectes.php,https://i.f1g.fr/media/figarofr/1200x630_crop/2014/06/04/PHO62bf11dc-ebfb-11e3-841a-3c22685bbeff-805x453.jpg,online,fr,lima,rumeur-publique-email,1466c932e5b48751,,confirmed,false,8,Funding round announcement roundup
2014-06-clubic-lima-levee-fonds,2014-06-04,Clubic,Lima (ex-ForgetBox) lève 2.5M pour son cloud personnel,http://pro.clubic.com/actualite-e-business/investissement/actualite-707251-lima-ex-forgetbox-leve-2-5-cloud-personnel.html,http://pro.clubic.com/actualite-e-business/investissement/actualite-707251-lima-ex-forgetbox-leve-2-5-cloud-personnel.html,https://pic.clubic.com/v1/images/1876284/raw,online,fr,lima,rumeur-publique-email,1466c932e5b48751,,confirmed,false,15,Funding round announcement roundup
2014-06-maddyness-lima-levee-fonds,2014-06-04,Maddyness,Finance: Lima lève 2.5 millions de Partech Ventures,http://www.maddyness.com/finance/2014/06/04/finance-lima-levee-25-millions-de-partech-ventures/,http://www.maddyness.com/finance/2014/06/04/finance-lima-levee-25-millions-de-partech-ventures/,,online,fr,lima,rumeur-publique-email,1466c932e5b48751,,confirmed,true,13,Funding round announcement roundup
2014-06-rudebaguette-lima-levee-fonds,2014-06-04,Rude Baguette,France's biggest Kickstarter success Lima raises 2.5M Series from Partech Ventures,http://www.rudebaguette.com/2014/06/04/frances-biggest-kickstarter-success-lima-raises-2-5m-series-partech-ventures/,http://www.rudebaguette.com/2014/06/04/frances-biggest-kickstarter-success-lima-raises-2-5m-series-partech-ventures/,https://www.rudebaguette.com/wp-content/uploads/2014/06/132379-782a3650-a5ae-43fa-a6dc-6b39ed9575b2-qn6a9125ok-large-1401889067-e1401900355746.jpg,online,en,lima,rumeur-publique-email,1466c932e5b48751,,confirmed,false,18,Funding round announcement roundup
2014-06-frenchweb-lima-leve-2point5-millions-partech,2014-06-05,FrenchWeb,"Cloud personnel : le Français Lima lève 2,5 millions de dollars auprès de Partech",https://www.frenchweb.fr/home-serveur-le-francais-lima-leve-25-millions-de-dollars-aupres-de-partech/154990,https://www.frenchweb.fr/home-serveur-le-francais-lima-leve-25-millions-de-dollars-aupres-de-partech/154990,https://i0.wp.com/www.frenchweb.fr/wp-content/uploads/2014/06/Lima-rose.jpg?fit=650%2C363&ssl=1,online,fr,lima;severin-marcombes,web-search,,,confirmed,false,14,French-language coverage of the same Partech Ventures $2.5M round; quotes Marcombes on allocating resources to product development ahead of global launch.
2014-06-usine-digitale-lima-leve-2point5-millions,2014-06-05,Usine Digitale,"Lima lève 2,5 millions de dollars pour lancer sa commercialisation",https://www.usine-digitale.fr/editorial/lima-leve-2-5-millions-de-dollars-pour-lancer-sa-commercialisation.N267137,https://www.usine-digitale.fr/editorial/lima-leve-2-5-millions-de-dollars-pour-lancer-sa-commercialisation.N267137,,online,fr,lima,web-search,,,mentioned,true,999,WebFetch returned HTTP 403 (paywall/bot block) so page text could not be directly verified; search snippet corroborates Partech round and team of 16 (8 in dev).
2014-06-usinenouvelle-lima-levee-fonds,2014-06-09,L'Usine Nouvelle / Usine Digitale,"Lima lève 2,5 millions de dollars pour lancer sa commercialisation",http://www.usine-digitale.fr/article/lima-leve-2-5-millions-de-dollars-pour-lancer-sa-commercialisation.N267137,http://www.usine-digitale.fr/article/lima-leve-2-5-millions-de-dollars-pour-lancer-sa-commercialisation.N267137,,online,fr,lima,rumeur-publique-email,1468177931338d2e,,confirmed,true,999,Forwarded directly by Rumeur Publique with full article text
2014-06-clubic-pulse-contest-lima-3eme-objets-connectes,2014-06-11,Clubic,Pulse Contest : les startups françaises qui se sont démarquées,https://www.clubic.com/pro/entrepreneur-et-creation-entreprise/actualite-708771-resultats-pulse-contest.html,https://www.clubic.com/pro/entrepreneur-et-creation-entreprise/actualite-708771-resultats-pulse-contest.html,,online,fr,lima,web-search,,,confirmed,true,15,"Covers the Huawei/La Cuisine du Web 'Pulse Contest'; Lima placed 3rd in the Connected Objects category (EUR15k) plus a EUR15k special press prize from Clubic Pro, Acteurs de l'Economie and Les Echos."
2014-06-lesechos-lima-levee-fonds,2014-06-18,Les Echos,Le boîtier de Lima centralise toutes vos données personnelles,http://business.lesechos.fr/entrepreneurs/innovation-recherche/0203545601406-le-boitier-de-lima-centralise-toutes-vos-donnees-personnelles-100791.php,https://web.archive.org/web/20181003143235/https://business.lesechos.fr/entrepreneurs/innovation-recherche/0203545601406-le-boitier-de-lima-centralise-toutes-vos-donnees-personnelles-100791.php,https://web.archive.org/web/20181003143235im_/https://business.lesechos.fr/media,online,fr,lima,rumeur-publique-email,1466c932e5b48751,,confirmed,false,7,Follow-up article in same recap thread
2013-06-3dvf-futur-en-seine-palmares-lima-or,2014-06-25,3DVF,Futur en Seine : le palmarès,https://3dvf.com/actualite-10004-futur-en-seine-palmares-html/,https://3dvf.com/actualite-10004-futur-en-seine-palmares-html/,,online,fr,lima,web-search,,,confirmed,true,999,"Lists Lima as gold-medal Jury Prize winner at Futur en Seine 2014 (festival ran June 12-22, 2014); described as the box unifying memory across a user's devices."
2014-11-businesswire-lima-ces-2015-innovation-award,2014-11-11,Business Wire,Lima named as 2015 CES Innovation Awards Honoree in two categories,https://www.businesswire.com/news/home/20141111006312/en/Lima-named-as-2015-CES-Innovation-Awards-Honoree-in-two-categories,https://www.businesswire.com/news/home/20141111006312/en/Lima-named-as-2015-CES-Innovation-Awards-Honoree-in-two-categories,,online,en,lima,web-search,,,mentioned,true,999,WebFetch returned HTTP 403; search snippet confirms Lima named CES 2015 Innovation Award Honoree in Software & Mobile Apps and Computer Accessories categories.
2014-11-businesswire-lima-ces-innovation-award-alt,2014-11-11,Business Wire,Lima named as 2015 CES Innovation Awards Honoree in two categories,http://press.meetlima.com/89888-lima-named-as-2015-ces-innovation-awards-honoree-in-two-categories,http://press.meetlima.com/89888-lima-named-as-2015-ces-innovation-awards-honoree-in-two-categories,,online,en,lima,web-search,,,mentioned,true,999,Same CES 2015 Innovation Award Honoree announcement (Software & Mobile Apps + Computer Accessories categories) syndicated on Lima's own press-room mirror of the Business Wire release; original businesswire.com URL returned HTTP 403 on fetch.
2014-11-rtl-lima-boitier,2014-11-18,RTL,Le Lima un boîtier qui rassemble le contenu de tous vos appareils électroniques,http://www.rtl.fr/actu/sciences-environnement/le-lima-un-boitier-qui-rassemble-le-contenu-de-tous-vos-appareils-electroniques-7775374172,http://www.rtl.fr/actu/sciences-environnement/le-lima-un-boitier-qui-rassemble-le-contenu-de-tous-vos-appareils-electroniques-7775374172,https://images.rtl.fr/~c/2000v2000/rtl/www/1237073-lima-sera-disponible-au-printemps-prochain.jpg,online,fr,lima,rumeur-publique-email,149c2286f394a6c8,,confirmed,false,10,Radio segment (RTL chronicle by Sophie Jousselin) with accompanying online article/clip
2014-12-lesobjetsconnectes-interview-marcombes-lima,2014-12-17,Les Objets Connectés,"Interview de Séverin Marcombes, co-fondateur et CEO de Lima.",https://www.les-objets-connectes.fr/severin-marcombes-lima-interview/,https://www.les-objets-connectes.fr/severin-marcombes-lima-interview/,,online,fr,severin-marcombes;lima,web-search,,,confirmed,true,999,"Interview on what Lima is, what drove Kickstarter success (disruptive product, strong video, community from day one), and social-media/behind-the-scenes strategy."
2014-12-lefigaro-frenchtech-lasvegas,2014-12-18,Le Figaro,La French Tech va faire son show à Las Vegas,http://www.lefigaro.fr/secteur/high-tech/2014/12/18/01007-20141218ARTFIG00117-la-french-tech-va-faire-son-show-a-las-vegas.php,http://www.lefigaro.fr/secteur/high-tech/2014/12/18/01007-20141218ARTFIG00117-la-french-tech-va-faire-son-show-a-las-vegas.php,https://i.f1g.fr/media/figarofr/1200x630_crop/2014/12/18/PHO56e81488-861c-11e4-aabb-daf5cf412bd2-805x453.jpg,online,fr,lima,rumeur-publique-email,14a5d102a7ee9e90,,confirmed,false,8,Article ran both online and in print same day per Rumeur Publique; Lima mentioned in French Tech/CES roundup
2014-12-nouvelobs-print-frenchtech,2014-12-24,Le Nouvel Obs,Nouvel Obs French Tech clipping (24/12/2014),,,,print,fr,lima,rumeur-publique-email,14aca8150ea23bdb,NouvelObs_FrenchTech_241214.pdf,confirmed,true,999,Print clipping attached; part of Noel de la French Tech coverage
2015-innovatorsunder35-severin-marcombes-profile,2015,MIT Technology Review (Innovators Under 35),Séverin Marcombes — Innovators Under 35,https://www.innovatorsunder35.com/the-list/severin-marcombes/,https://www.innovatorsunder35.com/the-list/severin-marcombes/,https://iu35-prod.s3.amazonaws.com/images/Innovator_FRA_2015_severin-connected.max-1200x630.jpg,online,en,severin-marcombes;lima,web-search,,,confirmed,false,1,"Official Innovators Under 35 (France, 2015) honoree profile for Marcombes/Lima, category Computer & electronics hardware; judge quote from Franck Le Ouay (Criteo)."
2015-usinenouvelle-lima-datacenter-perso,2015,L'Usine Nouvelle,"Lima, la start-up française qui a inventé le data-center «perso»",https://www.usinenouvelle.com/article/lima-la-start-up-francaise-qui-a-invente-le-data-center-perso.N1858322,https://www.usinenouvelle.com/article/lima-la-start-up-francaise-qui-a-invente-le-data-center-perso.N1858322,,online,fr,lima;severin-marcombes,web-search,,,mentioned,true,999,"WebFetch returned HTTP 403; search snippet confirms article on Lima's July 2013 Kickstarter ($1.2M/12,800 backers) and subsequent $2.5M Partech Ventures round, framing the device as a personal mini-datacenter."
2015-industrie-techno-10-jeunes-innovateurs-mit-marcombes,2015,Industrie & Technologies,Les 10 jeunes innovateurs français distingués par le MIT,https://www.industrie-techno.com/article/les-10-jeunes-innovateurs-francais-distingues-par-le-mit.37666,https://www.industrie-techno.com/article/les-10-jeunes-innovateurs-francais-distingues-par-le-mit.37666,,online,fr,severin-marcombes;lima,web-search,,,mentioned,true,999,"Direct fetch failed (no response); search snippet confirms Marcombes (27) profiled among the 2015 MIT Technology Review Innovators Under 35 France cohort (award backed by BNP Paribas' L'Atelier), quoting him: 'Nous ne synchronisons pas qu'un seul dossier, mais l'ensemble de l'appareil. Nous sommes les seuls à faire ce qu'on appelle l'unification des appareils.'"
2015-01-economist-lima-ces,2015-01,The Economist,US coverage of Lima at CES 2015,http://www.economist.com/news/business-and-finance/21638048,http://www.economist.com/news/business-and-finance/21638048,,online,en,lima,rumeur-publique-email,14aca8150ea23bdb,,confirmed,false,4,"Part of CES 2015 coverage report relayed to Lima team by Romain Mabil (Rumeur Publique), originally compiled by Airfoil (Lima's US PR agency)"
2015-01-syndication-cluster-ces-techcrunch-cnet,2015-01,TechCrunch / CNET syndication cluster (Tekkie.co," Generalor.com, Syndicate-atom.com, TechNewsTube, OmniGaea.com, TechShow.com, Techbriefing.net),Lima showcases its mobile app for its Dropbox alternative (TechCrunch); CES coverage (CNET)",,,,online,en,lima,rumeur-publique-email,14aca8150ea23bdb,,mentioned,true,999,"Original TechCrunch/CNET article URLs not included in email, only syndicated re-posts across ~7 low-value aggregator/scraper sites; grouped into one row rather than fabricating separate confirmed entries"
2015-01-techcrunch-lima-mobile-app-ces,2015-01-04,TechCrunch,Lima Showcases Its Mobile App For Its Dropbox Alternative,https://techcrunch.com/2015/01/04/lima-showcases-its-mobile-app-for-its-dropbox-alternative/,https://techcrunch.com/2015/01/04/lima-showcases-its-mobile-app-for-its-dropbox-alternative/,https://techcrunch.com/wp-content/uploads/2015/01/lima2.jpg,online,en,lima,web-search,,,confirmed,false,2,Covers Lima's CES mobile-app demo; notes $1.2M Kickstarter plus $2.5M VC raised; quotes on how Lima syncs existing device folders rather than a dedicated 'Lima' folder.
2015-01-management-print-portrait-severin,2015-01-05,Management,Portrait de Séverin Marcombes (05/01/2015),,,,print,fr,severin-marcombes,rumeur-publique-email,14aca8150ea23bdb,050115_Management_PortraitSeverin.pdf,confirmed,true,999,Print portrait clipping of Séverin attached
2015-01-lefigaro-print-ces,2015-01-06,Le Figaro,Le Figaro du mardi 06 janvier 2015 - CES,,,,print,fr,lima,rumeur-publique-email,14aca8150ea23bdb,Le Figaro Du Mardi 06 Janvier 2015 - CES.pdf,confirmed,true,8,Print clipping attached by Rumeur Publique alongside CES coverage report
2015-02-sodigital-severin-marcombes-suite-dans-les-idees,2015-02-12,So Digital,"Séverin Marcombes, fondateur de Lima: de la suite dans les idées",https://sodigital.fr/severin-marcombes-lima-2/,https://sodigital.fr/severin-marcombes-lima-2/,,online,fr,severin-marcombes;lima,web-search,,,confirmed,true,999,"Founder profile; covers early inspiration at 13, Futur en Seine 2014 Jury Prize + two CES awards, 30,000 users by summer 2015 (45% over 55), and responds to backer-delay/fraud accusations."
2015-04-frenchweb-mit-technology-review-innovators-marcombes,2015-04-16,FrenchWeb,[Vidéos] Deux talents français qui ont tapé dans l'oeil du « MIT Technology Review »,https://www.frenchweb.fr/2-talents-francais-qui-ont-tape-dans-loeil-du-mit-technology-review/191055,https://www.frenchweb.fr/2-talents-francais-qui-ont-tape-dans-loeil-du-mit-technology-review/191055,https://i0.wp.com/www.frenchweb.fr/wp-content/uploads/2015/04/MIT-concours-2.jpeg?fit=650%2C363&ssl=1,online,fr,severin-marcombes;lima,web-search,,,confirmed,false,14,"Names Marcombes among the 10 French finalists for MIT Technology Review Innovators Under 35 (France), for his cloud-free cross-device storage system."
2015-05-crowdfundinsider-lima-1000th-device-delay,2015-05-23,Crowdfund Insider,Lima Delivers 1000th Device. Backers Grumble About Extensive Delay,https://www.crowdfundinsider.com/2015/05/68225-lima-delivers-1000th-device-backers-grumble-about-extensive-delay/,https://www.crowdfundinsider.com/2015/05/68225-lima-delivers-1000th-device-backers-grumble-about-extensive-delay/,https://www.crowdfundinsider.com/wp-content/uploads/2013/09/Organize-All-Files-Everywhere-with-Lima.png,online,en,lima,web-search,,,confirmed,false,6,"Covers 1000th unit shipped, 18 months late; notes CES recognition and $2.5M Series A alongside backer frustration over delays."
2015-05-journaldugeek-lima-kickstarter-2geeks-22emplois,2015-05-29,Journal du Geek,"Lima : ""Mon expérience sur Kickstarter : de 2 geeks à 22 emplois""",https://www.journaldugeek.com/2015/05/29/lima-mon-experience-sur-kickstarter-de-2-geeks-a-22-emplois/,https://www.journaldugeek.com/2015/05/29/lima-mon-experience-sur-kickstarter-de-2-geeks-a-22-emplois/,,online,fr,severin-marcombes;lima,web-search,,,confirmed,true,999,"Marcombes recounts scaling from 2 to 22 employees via Kickstarter; $1.2M from 12,840 backers in 138 countries; first French company to pass $1M on a crowdfunding platform."
2015-06-usine-digitale-portrait-severin-marcombes-innovateurs,2015-06,Usine Digitale,"Severin Marcombes, Lima - Découvrez les 10 jeunes innovateurs français de l'année",https://www.usine-digitale.fr/photos/portraits/decouvrez-les-10-jeunes-innovateurs-francais-de-l-annee.325763/severin-marcombes-lim.7,https://www.usine-digitale.fr/photos/portraits/decouvrez-les-10-jeunes-innovateurs-francais-de-l-annee.325763/severin-marcombes-lim.7,,online,fr,severin-marcombes;lima,web-search,,,mentioned,true,999,"WebFetch returned HTTP 403; search snippet confirms this is Marcombes' portrait card (age 27) within Usine Digitale's MIT Innovators Under 35 France 2015 slideshow, describing Lima's device-unification pitch."
2015-07-techcrunch-lima-finally-ships-kickstarter-backers,2015-07-21,TechCrunch,"Lima Finally Ships Its Dropbox Alternative To Its Kickstarter Backers, Sort Of",https://techcrunch.com/2015/07/21/lima-finally-ships-its-dropbox-alternative-to-its-kickstarter-backers-sort-of/,https://techcrunch.com/2015/07/21/lima-finally-ships-its-dropbox-alternative-to-its-kickstarter-backers-sort-of/,https://techcrunch.com/wp-content/uploads/2015/01/lima.jpg,online,en,lima,web-search,,,confirmed,false,2,"Covers hardware shipping to all 12,840 backers two years after the campaign, with full software/file-system integration still pending until September; frames it as a cautionary tale about launching crowdfunding too early."
2015-09-latribune-lima-top5-innovations,2015-09-11,La Tribune,Lima cité parmi les cinq meilleures innovations françaises en objets connectés,,,,print,fr,lima,rumeur-publique-email,14fbbc40ea9a1dc4,2015-09-11~1278@LA_TRIBUNE_HEBDO.pdf,confirmed,true,9,References OpinionWay study and Lima's CES Award/Kickstarter success
2015-11-entreprendre-dossier-startup,2015-11-07,Entreprendre,Dossier start-up: les meilleures start-up de la French Tech (Lima listed p.10),,,,print,fr,lima,rumeur-publique-email,150ebe2c60618e0c,2015-11-07~1925@ENTREPRENDRE.pdf,confirmed,true,999,Monthly magazine dossier profiling 14 of 30 listed startups; Lima included
2015-11-lsanews-ces-innovation-awards,2015-11-16,LSA News,CES Innovation Awards 2016 (Lima mentioned),,,,print,fr,lima,rumeur-publique-email,1511f68bae2099af,2015-11-16~1431@LSA_NEWS.pdf,confirmed,true,999,Reprise of CES 2016 Innovation Awards announcement
2015-11-strategies-edito-lima,2015-11-18,Stratégies,Edito on the difficulty of building a connected-object business (Lima cited as success story in final paragraph),,,,print,fr,lima,rumeur-publique-email,1511f68bae2099af,2015-11-18~1078@STRATEGIES.pdf,confirmed,true,999,Lima used as closing example of successful execution
2015-11-20minutes-lima-dropbox,2015-11-24,20 Minutes,Lima: Quand la French Tech veut faire plier Dropbox,http://www.20minutes.fr/high-tech/1736271-20151124-lima-quand-french-tech-veut-faire-plier-dropbox,http://www.20minutes.fr/high-tech/1736271-20151124-lima-quand-french-tech-veut-faire-plier-dropbox,https://img.20mn.fr/H4PlTsZDSw-gEE3hb83aXw/1444x920_10-minutes-suffisent-connecter-boitier-lima-entre-box-internet-plusieurs-disques-durs-externes,online,fr,lima,rumeur-publique-email,15138e7a03837279,,confirmed,false,11,Full-length feature by Christophe Séfrin following an interview with Séverin the previous week; 23.4M monthly visits outlet
2015-11-challenges-shopping-noel-lima,2015-11-24,Challenges,"High-tech 2015: les incontournables pour Noël à moins de 200 euros (Lima featured, slide 16)",http://www.challenges.fr/galeries-photos/test-high-tech/20151124.CHA1903/high-tech-2015-les-incontournables-pour-noel-a-moins-de-200-euros.html,https://web.archive.org/web/20160415072728/http://www.challenges.fr/galeries-photos/test-high-tech/20151124.CHA1903/high-tech-2015-les-incontournables-pour-noel-a-moins-de-200-euros.html,https://web.archive.org/web/20160415072728im_/http://referentiel.nouvelobs.com/file/14634182.PNG,online,fr,lima,rumeur-publique-email,1516db9261606800,,confirmed,false,12,Fabernovel president Stéphane Distinguin quoted picking Lima as a gift idea
2015-11-challenges-lima-shopping,2015-11-26,Challenges,Lima dans le shopping spécial High Tech,,,,print,fr,lima,rumeur-publique-email,151444e9a5388a47,2015-11-26~1340@CHALLENGES.pdf,confirmed,true,12,229211 copies per Rumeur Publique
2015-11-quechoisir-lima-test,2015-11-26,Que Choisir (UFC),Cloud personnel avec Lima (test),http://www.quechoisir.org/telecom-multimedia/informatique/actualite-stockage-informatique-cloud-personnel-avec-lima,http://www.quechoisir.org/telecom-multimedia/informatique/actualite-stockage-informatique-cloud-personnel-avec-lima,,online,fr,lima,rumeur-publique-email,15144d455fc92c3f,,confirmed,true,999,Full product test by Camille Gruhier; mixed review noting connectivity/speed issues; 2.4M visits outlet
2015-11-neon-lima-idee-du-siecle,2015-11-26,Neon,Comment trouver l'idée du siècle? (Lima featured p.6 of 9-page dossier),,,,print,fr,lima,rumeur-publique-email,15144f81c44829d8,2015-11-26~1788@NEON.pdf,confirmed,true,999,"General-culture monthly, 41797 copies per Rumeur Publique"
2015-11-voyagesdaffaires-lima-shopping,2015-11-27,Voyages d'Affaires,Présentation du Lima dans le shopping numérique,,,,print,fr,lima,rumeur-publique-email,151485cad5bac7e7,2015-11-26~1521@VOYAGES_D_AFFAIRES.pdf,confirmed,true,999,49103 copies per Rumeur Publique
2015-11-latribune-ces2016-startingblocks,2015-11-27,La Tribune,CES 2016: Les Français dans les starting-blocks (Lima's CES Innovation Awards cited),http://www.latribune.fr/technos-medias/french-tech/ces-2016-les-francais-sur-les-starting-blocks-530570.html,http://www.latribune.fr/technos-medias/french-tech/ces-2016-les-francais-sur-les-starting-blocks-530570.html,,online,fr,lima,rumeur-publique-email,151485cad5bac7e7,2015-11-27~1369@LA_TRIBUNE.pdf,confirmed,false,9,Article ran both online and print same day per attachment
2015-itespresso-lima-french-tech-premier-noel,2015-12,ITespresso,Lima : comment cette start-up de la French Tech prépare son premier Noël,https://www.itespresso.fr/lima-start-up-french-tech-premier-noel-113075.html/amp,https://www.itespresso.fr/lima-start-up-french-tech-premier-noel-113075.html/amp,,online,fr,lima;severin-marcombes,web-search,,,confirmed,true,999,"Profile tracing Lima from the 2011 ForgetBox origins through the Kickstarter and into a first Christmas retail push; 24 staff incl. ex-Apple/Oracle/Dassault, 30,000 units sold, 800-tester beta from July 2014."
2015-12-mobileretailer-lima-presentation,2015-12,Mobile Retailer,Présentation de Lima,,,,print,fr,lima,rumeur-publique-email,1518c97e9e439346,,mentioned,true,999,Listed as a print clip in the email body but no attachment for this outlet was included in the thread
2015-12-journalpalaisbourgogne-noeldelafrenchtech,2015-12,Le Journal du Palais de Bourgogne,Noël de la French Tech (Lima cited),,,,print,fr,lima,rumeur-publique-email,1518c97e9e439346,,mentioned,true,999,Listed as citing Lima in the Noël de la French Tech campaign but no attachment included in this thread
2015-12-lima-noeldelafrenchtech-googledocs-tracker,2015-12,Multiple outlets (Google Doc tracker),Lima: ~30 articles since early December 2015; Noël de la French Tech: ~60 articles including radio/TV,http://bit.ly/1U7XbI4,http://bit.ly/1U7XbI4,,online,fr,lima,rumeur-publique-email,1518c97e9e439346,,mentioned,true,999,"Rumeur Publique references two live Google Docs aggregating dozens of additional online/radio/TV mentions not individually itemized in the email body; Google Docs not accessible via Gmail search, so individual outlets could not be extracted"
2015-12-plugged-lima-presentation,2015-12-01,Plugged,Présentation de Lima,,,,print,fr,lima,rumeur-publique-email,1518c97e9e439346,2015-12-01~1149@PLUGGED.pdf,confirmed,true,999,Product presentation clipping
2015-12-whathifi-lima-presentation,2015-12-03,What Hi-Fi? Son et Home Cinéma,Présentation de Lima,,,,print,fr,lima,rumeur-publique-email,1518c97e9e439346,2015-12-03~1190@WHAT_HI_FI_SON___HOME_CINEMA.pdf,confirmed,true,999,Product presentation clipping
2015-12-franceinfo-penelope-lima-ndlft,2015-12-04,France Info,Interview de Pénélope sur le Noël de la French Tech et Lima,,,,print,fr,lima,rumeur-publique-email,1516d5d3177ade2f,20151204_France Info.mp3,confirmed,true,999,Radio interview with Lima's Pénélope Liot
2015-12-franceinter-ndlft-lima,2015-12-04,France Inter,Noël de la French Tech (Lima mentioned via Pénélope interview reference),,,,print,fr,lima,rumeur-publique-email,1516d5d3177ade2f,20151204 France Inter NDLFT.mp3,confirmed,true,999,Radio segment on Noel de la French Tech campaign
2015-12-telecablesat-lima-presentation,2015-12-07,Télé Câble Sat Hebdo,Présentation de Lima,,,,print,fr,lima,rumeur-publique-email,1518c97e9e439346,2015-12-07~1407@TELE_CABLE_SAT_HEBDO.pdf,confirmed,true,999,Product presentation clipping
2015-12-ecommercelalettre-noeldelafrenchtech,2015-12-10,E-commerce La Lettre,Noël de la French Tech (Lima cited),,,,print,fr,lima,rumeur-publique-email,1518c97e9e439346,2015-12-10~1166@ECOMMERCE_LA_LETTRE.pdf,confirmed,true,999,Part of wider Noel de la French Tech campaign coverage
2016-01-relaxnews-lima,2016-01,RelaxNews,Lima print/wire clipping (January 2016 batch),,,,print,fr,lima,rumeur-publique-email,1528917f5347565d,"201601_pigesLima.zip (Dropbox, not downloaded)",confirmed,true,999,Named by Rumeur Publique as included in January 2016 clippings archive; individual clip not opened
2016-01-lesechos-lima-jan,2016-01,Les Echos,Lima print clipping (January 2016 batch),,,,print,fr,lima,rumeur-publique-email,1528917f5347565d,"201601_pigesLima.zip (Dropbox, not downloaded)",confirmed,true,7,Named by Rumeur Publique as included in January 2016 clippings archive
2016-01-lsa-lima-jan,2016-01,LSA,Lima print clipping (January 2016 batch),,,,print,fr,lima,rumeur-publique-email,1528917f5347565d,"201601_pigesLima.zip (Dropbox, not downloaded)",confirmed,true,999,Named by Rumeur Publique as included in January 2016 clippings archive
2016-01-strategies-lima-jan,2016-01,Stratégies,Lima print clipping (January 2016 batch),,,,print,fr,lima,rumeur-publique-email,1528917f5347565d,"201601_pigesLima.zip (Dropbox, not downloaded)",confirmed,true,999,Named by Rumeur Publique as included in January 2016 clippings archive
2016-01-epochtimes-lima-jan,2016-01,Epoch Times (édition française),Lima print clipping (January 2016 batch),,,,print,fr,lima,rumeur-publique-email,1528917f5347565d,"201601_pigesLima.zip (Dropbox, not downloaded)",confirmed,true,999,Named by Rumeur Publique as included in January 2016 clippings archive
2016-01-letelegramme-lima-jan,2016-01,Le Télégramme de Brest,Lima print clipping (January 2016 batch),,,,print,fr,lima,rumeur-publique-email,1528917f5347565d,"201601_pigesLima.zip (Dropbox, not downloaded)",confirmed,true,999,Named by Rumeur Publique as included in January 2016 clippings archive
2016-01-semaineiledefrance-lima-jan,2016-01,La Semaine de l'Ile de France,Lima print clipping (January 2016 batch),,,,print,fr,lima,rumeur-publique-email,1528917f5347565d,"201601_pigesLima.zip (Dropbox, not downloaded)",confirmed,true,999,Named by Rumeur Publique as included in January 2016 clippings archive
2016-01-journalgrandparis-lima-jan,2016-01,Le Journal du Grand Paris,Lima print clipping (January 2016 batch),,,,print,fr,lima,rumeur-publique-email,1528917f5347565d,"201601_pigesLima.zip (Dropbox, not downloaded)",confirmed,true,999,Named by Rumeur Publique as included in January 2016 clippings archive
2016-01-homefashionnews-lima-jan,2016-01,Home Fashion News,Lima print clipping (January 2016 batch),,,,print,fr,lima,rumeur-publique-email,1528917f5347565d,"201601_pigesLima.zip (Dropbox, not downloaded)",confirmed,true,999,Named by Rumeur Publique as included in January 2016 clippings archive
2016-01-parisienmagazine-lima-jan,2016-01,Le Parisien Magazine,Lima print clipping (January 2016 batch),,,,print,fr,lima,rumeur-publique-email,1528917f5347565d,"201601_pigesLima.zip (Dropbox, not downloaded)",confirmed,true,999,Named by Rumeur Publique as included in January 2016 clippings archive
2016-01-aujourdhuienfrance-lima-jan,2016-01,Aujourd'hui en France Magazine,Lima print clipping (January 2016 batch),,,,print,fr,lima,rumeur-publique-email,1528917f5347565d,"201601_pigesLima.zip (Dropbox, not downloaded)",confirmed,true,999,Named by Rumeur Publique as included in January 2016 clippings archive
2016-01-capital-lima-jan,2016-01,Capital,Lima print clipping (January 2016 batch),,,,print,fr,lima,rumeur-publique-email,1528917f5347565d,"201601_pigesLima.zip (Dropbox, not downloaded)",confirmed,true,999,Named by Rumeur Publique as included in January 2016 clippings archive; see also separate February Capital cover feature thread
2016-01-rmc-lima-jan,2016-01,RMC,Lima radio segment (January 2016 batch),,,,print,fr,lima,rumeur-publique-email,1528917f5347565d,"201601_pigesLima.zip (Dropbox, not downloaded)",confirmed,true,999,Radio segment; classified as print/offline per CSV type constraints
2016-01-m6-1245-lima-jan,2016-01,M6 (12/45),Lima TV segment (January 2016 batch),,,,print,fr,lima,rumeur-publique-email,1528917f5347565d,"201601_pigesLima.zip (Dropbox, not downloaded)",confirmed,true,999,TV segment on M6's 12/45 news; classified as print/offline per CSV type constraints
2016-01-lesechos-frenchtech-lasvegas-ces,2016-01-05,Les Echos,La French Tech joue les vedettes à Las Vegas (Lima cited),http://www.lesechos.fr/tech-medias/hightech/021596871984-la-french-tech-joue-les-vedettes-a-las-vegas-1189611.php,http://www.lesechos.fr/tech-medias/hightech/021596871984-la-french-tech-joue-les-vedettes-a-las-vegas-1189611.php,,online,fr,lima,rumeur-publique-email,15211635567ad970,2016-01-06~1115@LES_ECHOS.pdf,confirmed,true,7,Also ran in print the next morning per attachment
2016-01-forbes-lima-cesunveiled,2016-01-05,Forbes,CES Unveiled: A French Tech Startups Invasion (Lima cited),http://www.forbes.com/sites/jeanbaptiste/2016/01/05/ces-unveiled-a-french-tech-startups-invasion/,http://www.forbes.com/sites/jeanbaptiste/2016/01/05/ces-unveiled-a-french-tech-startups-invasion/,,online,en,lima,rumeur-publique-email,15221821c33e4896,,confirmed,false,3,By Jean Baptiste Su; outlet cited as 69.7M visits by Rumeur Publique
2016-01-m6-1245-lima-segment,2016-01-08,M6 (12/45),Lima TV segment,,,,print,fr,lima,rumeur-publique-email,15221c86d19eb6af,"20160801 M6.ts (Dropbox, not downloaded)",confirmed,true,999,Midday news segment
2016-02-voixdunord-lima-feb,2016-02,La Voix du Nord,Lima print clipping (February 2016 batch),,,,print,fr,lima,rumeur-publique-email,15331af224a6a39b,"201602_pigesLima.zip (Dropbox, not downloaded)",confirmed,true,999,"Regional daily (PQR), 251641 copies per Rumeur Publique"
2016-02-entreprendre-lima-feb,2016-02,Entreprendre,Lima print clipping (February 2016 batch),,,,print,fr,lima,rumeur-publique-email,15331af224a6a39b,"201602_pigesLima.zip (Dropbox, not downloaded)",confirmed,true,999,"Business magazine, 14429 copies per Rumeur Publique"
2016-02-dynamiqueentrepreneuriale-lima-feb,2016-02,Dynamique Entrepreneuriale,Lima print clipping (February 2016 batch),,,,print,fr,lima,rumeur-publique-email,15331af224a6a39b,"201602_pigesLima.zip (Dropbox, not downloaded)",confirmed,true,999,"Business magazine, 68980 copies per Rumeur Publique"
2016-02-technikart-lima-feb,2016-02,Technikart,Lima print clipping (February 2016 batch),,,,print,fr,lima,rumeur-publique-email,15331af224a6a39b,"201602_pigesLima.zip (Dropbox, not downloaded)",confirmed,true,999,"General public magazine, 35500 copies per Rumeur Publique"
2016-02-bricomag-lima-feb,2016-02,Bricomag,Lima print clipping (February 2016 batch),,,,print,fr,lima,rumeur-publique-email,15331af224a6a39b,"201602_pigesLima.zip (Dropbox, not downloaded)",confirmed,true,999,"General public magazine, 10000 copies per Rumeur Publique"
2016-02-vousetvotremac-lima-feb,2016-02,Vous et Votre Mac,Lima print clipping (February 2016 batch),,,,print,fr,lima,rumeur-publique-email,15331af224a6a39b,"201602_pigesLima.zip (Dropbox, not downloaded)",confirmed,true,999,"Mac magazine, 22500 copies per Rumeur Publique"
2016-02-avosmac-lima-feb,2016-02,A Vos Mac,Lima print clipping (February 2016 batch),,,,print,fr,lima,rumeur-publique-email,15331af224a6a39b,"201602_pigesLima.zip (Dropbox, not downloaded)",confirmed,true,999,"Mac magazine, 40000 copies per Rumeur Publique"
2016-02-economiemagazine-lima-feb,2016-02,Economie Magazine,Lima print clipping (February 2016 batch),,,,print,fr,lima,rumeur-publique-email,15331af224a6a39b,"201602_pigesLima.zip (Dropbox, not downloaded)",confirmed,true,999,Business magazine
2016-02-manageretreussir-lima-feb,2016-02,Manager et Réussir,Lima print clipping (February 2016 batch),,,,print,fr,lima,rumeur-publique-email,15331af224a6a39b,"201602_pigesLima.zip (Dropbox, not downloaded)",confirmed,true,999,Business magazine
2016-02-capital-lima-feature,2016-02,Capital,Bel article dans Capital (février),,,,print,fr,lima,rumeur-publique-email,15287c66f89d0781,2016-01-28~1063@CAPITAL.pdf,confirmed,true,999,Business monthly feature
2016-02-lavoixdunord-lima-test,2016-02-01,La Voix du Nord,Test du Lima / La première solution de stockage en ligne privé made in France,http://www.lavoixdunord.fr/culture-loisirs/la-premiere-solution-de-stockage-en-ligne-prive-made-in-france-ia0b0n3305109,http://www.lavoixdunord.fr/culture-loisirs/la-premiere-solution-de-stockage-en-ligne-prive-made-in-france-ia0b0n3305109,,online,fr,lima,rumeur-publique-email,1529c6a7abf82ed4,2016-02-01~1958@LA_VOIX_DU_NORD.pdf,confirmed,true,999,251641 print copies; also ran online and on sister title Nord Eclair
2016-02-nordeclair-lima-test,2016-02-01,Nord Eclair,La première solution de stockage en ligne privé made in France,http://www.nordeclair.fr/loisirs/la-premiere-solution-de-stockage-en-ligne-prive-made-in-france-jna0b0n1015889,http://www.nordeclair.fr/loisirs/la-premiere-solution-de-stockage-en-ligne-prive-made-in-france-jna0b0n1015889,,online,fr,lima,rumeur-publique-email,1529c6a7abf82ed4,,confirmed,true,999,"Sister title of La Voix du Nord, same test article syndicated"
2016-03-linformaticien-lima-mar,2016-03,L'informaticien,Lima print clipping (March 2016 batch),,,,print,fr,lima,rumeur-publique-email,153e6f3275b0c170,"201603_pigesLima.zip (Dropbox, not downloaded)",confirmed,true,999,"IT trade magazine, 35000 copies per Rumeur Publique"
2016-03-courriercadres-lima-mar,2016-03,Courrier Cadres,Lima print clipping (March 2016 batch),,,,print,fr,lima,rumeur-publique-email,153e6f3275b0c170,"201603_pigesLima.zip (Dropbox, not downloaded)",confirmed,true,999,"Business magazine, 91000 copies per Rumeur Publique"
2016-03-entreprendre-lima-mar,2016-03,Entreprendre,Lima print clipping (March 2016 batch),,,,print,fr,lima,rumeur-publique-email,153e6f3275b0c170,"201603_pigesLima.zip (Dropbox, not downloaded)",confirmed,true,999,"Business magazine, 14500 copies per Rumeur Publique; distinct issue from November 2015 Entreprendre dossier"
2016-03-famili-lima-mar,2016-03,Famili,Lima print clipping (March 2016 batch),,,,print,fr,lima,rumeur-publique-email,153e6f3275b0c170,"201603_pigesLima.zip (Dropbox, not downloaded)",confirmed,true,999,"General public magazine, 90000 copies per Rumeur Publique"
2016-03-flashinfoseconomie-lima-mar,2016-03,Flash Infos Economie,Lima print clipping (March 2016 batch),,,,print,fr,lima,rumeur-publique-email,153e6f3275b0c170,"201603_pigesLima.zip (Dropbox, not downloaded)",confirmed,true,999,Business publication
2016-03-latribune-lima-mar,2016-03,La Tribune,Lima print clipping (March 2016 batch),,,,print,fr,lima,rumeur-publique-email,153e6f3275b0c170,"201603_pigesLima.zip (Dropbox, not downloaded)",confirmed,true,9,"Business magazine, 46000 copies per Rumeur Publique; separate from the ubi i/o hebdo clipping"
2016-03-creationdentreprise-lima-mar,2016-03,Création d'Entreprise,Lima print clipping (March 2016 batch),,,,print,fr,lima,rumeur-publique-email,153e6f3275b0c170,"201603_pigesLima.zip (Dropbox, not downloaded)",confirmed,true,999,"Business magazine, 5259 copies per Rumeur Publique"
2016-03-stuff-lima-mar,2016-03,Stuff,Lima print clipping (March 2016 batch),,,,print,fr,lima,rumeur-publique-email,153e6f3275b0c170,"201603_pigesLima.zip (Dropbox, not downloaded)",confirmed,true,999,"Lifestyle magazine, 15000 copies per Rumeur Publique; separate mention from the April Stuff clipping with PDF"
2016-03-bfmtv-lima-mar,2016-03,BFM TV,Lima TV segment (March 2016 batch),,,,print,fr,lima,rumeur-publique-email,153e6f3275b0c170,"201603_pigesLima.zip (Dropbox, not downloaded)",confirmed,true,999,"TV segment, 3.3M viewers per Rumeur Publique; classified as print/offline per CSV type constraints"
2016-03-gameone-lima-mar,2016-03,Game One,Lima TV segment (March 2016 batch),,,,print,fr,lima,rumeur-publique-email,153e6f3275b0c170,"201603_pigesLima.zip (Dropbox, not downloaded)",confirmed,true,999,"TV segment, 5.1M viewers per Rumeur Publique; classified as print/offline per CSV type constraints; see also separate March 24 2016 Game One thread"
2016-03-journaldugeek-lima-test,2016-03,Le Journal du Geek,Test du Lima (8/10),http://www.journaldugeek.com/tests/test-lima/,http://www.journaldugeek.com/tests/test-lima/,,online,fr,lima,rumeur-publique-email,153e6f3275b0c170,,confirmed,true,999,Product review scoring Lima 8/10; quote included in Rumeur Publique's email
2016-03-linformaticien-lima-test-2pages,2016-03-02,L'informaticien,Test du Lima sur 2 pages,,,,print,fr,lima,rumeur-publique-email,153424ef86bc2e0e,2016-03-02~1261@L_INFORMATICIEN.pdf,confirmed,true,999,"IT monthly, 50000 copies per Rumeur Publique"
2016-03-courriercadres-lima-presentation,2016-03-03,Courrier Cadres,Présentation de la société Lima,,,,print,fr,lima,rumeur-publique-email,153424ef86bc2e0e,2016-03-03~1933@COURRIER_CADRES___DIRIGEANTS.pdf,confirmed,true,999,"Business monthly, 92000 copies per Rumeur Publique"
2016-03-slrlounge-lima-personal-nas-cloud-review,2016-03-15,SLR Lounge,Lima | A Personal NAS/Cloud Creating Device With The Familiarity Of iOS,https://www.slrlounge.com/lima-personal-nascloud-creating-device-familiarity-ios/,https://www.slrlounge.com/lima-personal-nascloud-creating-device-familiarity-ios/,,online,en,lima,web-search,,,confirmed,true,999,"Photography-gear review (by Kishore Sawh) of the Lima device for photographers wanting remote access to RAW libraries; notes Kickstarter origin and roughly a year's shipping delay; rates it 3/5, flags slow retrieval of newly uploaded files."
2016-03-gameone-lima-teamg1,2016-03-19,Game One (Team G1),Présentation du boîtier Lima dans l'émission Team G1,,,,print,fr,lima,rumeur-publique-email,153a8737b1c2319f,"20160319_TeamG1_Game_One_Lima.zip (Dropbox, not downloaded)",confirmed,true,999,TV segment by Anh Phan (also Journal du Geek); outlet audience 5.176M per Rumeur Publique
2016-03-latribunehebdo-lima-usprogram,2016-03-31,La Tribune (hebdo),Lima cited among startups selected for the ubi i/o US program,,,,print,fr,lima,rumeur-publique-email,153d1615c3f3e41f,2016-03-31~1270@LA_TRIBUNE_HEBDO.pdf,confirmed,true,999,"Weekly edition, 46000 copies per Rumeur Publique"
2016-04-stuff-lima-presentation,2016-04,Stuff,Présentation du boîtier Lima (numéro d'avril),,,,print,fr,lima,rumeur-publique-email,153d1615c3f3e41f,2016-03-30~1343@STUFF.pdf,confirmed,true,999,"Monthly magazine, 15000 copies per Rumeur Publique"
2016-04-01net-lima-test,2016-04-13,01net,Test du Lima (note 8/10),,,,print,fr,lima,rumeur-publique-email,15470d0a9242e873,2016-04-13~1886@01_NET.pdf,confirmed,true,999,"IT consumer bi-monthly, 121454 copies per Rumeur Publique"
2016-04-infosmobiles-lima-odr,2016-04-14,Infos Mobiles,ODR Lima/Sony,,,,print,fr,lima,rumeur-publique-email,15470d0a9242e873,2016-04-14~1950@INFOS_MOBILES.pdf,confirmed,true,999,"Telco trade monthly, 8000 copies per Rumeur Publique"
2016-04-t3-lima-shopping,2016-04-15,T3,Lima dans le shopping,,,,print,fr,lima,rumeur-publique-email,15470d0a9242e873,2016-04-15~1362@T3.pdf,confirmed,true,999,"General public monthly, 50000 copies per Rumeur Publique"
2016-04-technikart-lima-interview-severin,2016-04-16,Technikart,Interview de Séverin,,,,print,fr,severin-marcombes,rumeur-publique-email,15470d0a9242e873,2016-04-16~1123@TECHNIKART.pdf,confirmed,true,999,"General public monthly, 35000 copies per Rumeur Publique; byline interview with Séverin"
2016-04-management-lima-shopping,2016-04-21,Management,Lima dans le shopping,,,,print,fr,lima,rumeur-publique-email,15470d0a9242e873,2016-04-21~1384@MANAGEMENT.pdf,confirmed,true,999,"Business monthly, 74297 copies per Rumeur Publique"
2016-05-lesechos-lima-ubiio,2016-05-04,Les Echos,Lima cité dans un article sur le programme Ubi i/o,,,,print,fr,lima,rumeur-publique-email,1547b3eabb01baab,2016-05-04~1304@LES_ECHOS.pdf,confirmed,true,7,Same Ubi i/o US accelerator program covered earlier by La Tribune in March 2016
2016-05-lci-lima-pleinecran,2016-05-20,LCI,Présentation de Lima dans l'émission Plein Écran (Cédric Ingrand),,,,print,fr,lima,rumeur-publique-email,154cefb9f76f0972,"60000000160124976.ts (Dropbox, not downloaded)",confirmed,true,999,"TV segment, 4.9M viewers per Rumeur Publique; LCI newly free-to-air"
2016-10-maddyness-lima-success-story-francaise-cloud,2016-10-20,Maddyness,"Où en est Lima, la success-story française du cloud ?",https://www.maddyness.com/2016/10/20/maddystory-lima-success-story-francaise-vie-dure-cloud/,https://www.maddyness.com/2016/10/20/maddystory-lima-success-story-francaise-vie-dure-cloud/,https://www.maddyness.com/app/uploads/2014/06/1077378_153073818227749_472045966_o.jpg,online,fr,lima;severin-marcombes,web-search,,,confirmed,false,13,"Retrospective on Lima's path from 2011 founding through the record Kickstarter, the Partech round, and 50,000 units sold by 2016; quotes Marcombes on the original problem he wanted to solve."
2016-11-techcrunch-lima-ultra-129,2016-11-14,TechCrunch,Lima beefs up its Dropbox alternative with the $129 Lima Ultra,https://techcrunch.com/2016/11/14/lima-beefs-up-its-dropbox-alternative-with-the-129-lima-ultra/,https://techcrunch.com/2016/11/14/lima-beefs-up-its-dropbox-alternative-with-the-129-lima-ultra/,"https://techcrunch.com/wp-content/uploads/2016/11/229417-limaultra3-0625e5-original-1478789241.jpg?resize=1200,800",online,en,lima,web-search,,,confirmed,false,2,"By Romain Dillet; covers the faster/pricier Lima Ultra hardware refresh (quad-core CPU, Gigabit Ethernet), shipping to 25 countries by Dec 2016."
2017-01-franceinfo-lima-audio,2017-01-28,France Info,Lima radio segment,,,,print,fr,lima,rumeur-publique-email,15a892342dbfd2d1,2017-01-28 FranceInfo_Lima.mp3,confirmed,true,999,Radio segment audio clip attached; classified as print/offline per CSV type constraints
2017-02-technikart-lima-feb17,2017-01-31,Technikart,Lima print clipping (February 2017 batch),,,,print,fr,lima,rumeur-publique-email,15a892342dbfd2d1,2017-01-31 @TECHNIKART.pdf,confirmed,true,999,Part of monthly revue de presse
2017-02-pcwelt-lima-feb17-1,2017-02,PC Welt (Allemagne),Lima print clipping (February 2017 batch),,,,print,de,lima,rumeur-publique-email,15a892342dbfd2d1,PC-WELT 02-17-106.pdf,confirmed,true,999,German tech magazine
2017-02-pcwelt-lima-feb17-2,2017-02,PC Welt (Allemagne),"Lima print clipping (February 2017 batch), second page",,,,print,de,lima,rumeur-publique-email,15a892342dbfd2d1,PC-WELT 02-17-107.pdf,confirmed,true,999,"German tech magazine, second attached page of same feature"
2017-02-businessinsider-lima-ultra-review,2017-02,Business Insider France,Great review of the new Lima Ultra,http://www.businessinsider.fr/us/lima-ultra-personal-cloud-storage-review-2017-2/,http://www.businessinsider.fr/us/lima-ultra-personal-cloud-storage-review-2017-2/,https://www.businessinsider.com/public/assets/logos/og-image-logo-social.png?v=2023-11,online,fr,lima,rumeur-publique-email,15a892342dbfd2d1,,confirmed,false,5,Flagged by Amandine Guyot (Lima) in the reply to Rumeur Publique's monthly revue de presse
2017-02-linformaticien-lima-feb17,2017-02-08,L'informaticien,Lima print clipping (February 2017 batch),,,,print,fr,lima,rumeur-publique-email,15a892342dbfd2d1,2017-02-08~1429@L_INFORMATICIEN.pdf,confirmed,true,999,IT trade magazine
2017-02-lettretribunebordeaux-lima,2017-02-13,La Lettre de la Tribune Bordeaux,Lima print clipping (February 2017 batch),,,,print,fr,lima,rumeur-publique-email,15a892342dbfd2d1,2017-02-13~1026@LA_LETTRE_DE_LA_TRIBUNE_BORDEA.pdf,confirmed,true,999,Regional business newsletter
2017-02-voixdunord-lima-feb17,2017-02-13,La Voix du Nord,Lima print clipping (February 2017 batch),,,,print,fr,lima,rumeur-publique-email,15a892342dbfd2d1,2017-02-13~1705@LA_VOIX_DU_NORD.pdf,confirmed,true,999,Regional daily (PQR)
2017-02-multimediaalaune-lima,2017-02-14,Multimédia à la Une,Participation de Boulanger à l'opération Noël de la French Tech (interview Amandine Guyot),,,,print,fr,lima,rumeur-publique-email,15a892342dbfd2d1,2017-02-14~1392@MULTIMEDIA_A_LA_UNE.pdf,confirmed,true,999,Trade publication; features interview with Lima CMO Amandine Guyot
2017-02-lesechos-lima-feb17,2017-02-14,Les Echos,Lima livre votre cloud privé à domicile,http://www.lesechos.fr/thema/0211788178439-lima-livre-votre-cloud-prive-a-domicile-2064761.php,http://www.lesechos.fr/thema/0211788178439-lima-livre-votre-cloud-prive-a-domicile-2064761.php,,online,fr,severin-marcombes;lima,rumeur-publique-email,15a892342dbfd2d1,2017-02-14~1698@LES_ECHOS.pdf,confirmed,true,7,Follows an interview with Séverin; ran online and in print same day; a few factual errors flagged by Rumeur Publique for correction
2017-02-courriercadresdirigeants-lima,2017-02-28,Courrier Cadres & Dirigeants,Lima print clipping (February 2017 batch),,,,print,fr,lima,rumeur-publique-email,15a892342dbfd2d1,2017-02-28~1543@COURRIER_CADRES___DIRIGEANTS.pdf,confirmed,true,999,Business magazine
2017-02-investissementconseils-lima,2017-02-28,Investissement Conseils,Lima print clipping (February 2017 batch),,,,print,fr,lima,rumeur-publique-email,15a892342dbfd2d1,2017-02-28~1838@INVESTISSEMENT_CONSEILS.pdf,confirmed,true,999,Business/finance magazine
2017-03-lesechosweekend-lima-mar17,2017-03,Les Echos Week-end,Lima print clipping (March 2017 batch),,,,print,fr,lima,rumeur-publique-email,15b6cded302e4ae5,,confirmed,true,999,Named in Rumeur Publique March 2017 revue de presse; individual attachment not included in this thread
2017-03-01net-lima-mar17,2017-03,01net,Lima print clipping (March 2017 batch),,,,print,fr,lima,rumeur-publique-email,15b6cded302e4ae5,,confirmed,true,999,Named in Rumeur Publique March 2017 revue de presse
2017-03-matindimanche-lima-suisse,2017-03,Matin Dimanche (Suisse),Lima print clipping (March 2017 batch),,,,print,fr,lima,rumeur-publique-email,15b6cded302e4ae5,,confirmed,true,999,"Swiss Sunday paper, named in Rumeur Publique March 2017 revue de presse"
2017-03-macgeekgab-lima-podcast,2017-03,The Mac Observer's Mac Geek Gab Podcast (USA),Lima mention (March 2017 batch),,,,online,en,lima,rumeur-publique-email,15b6cded302e4ae5,,confirmed,true,999,US podcast mention named in Rumeur Publique March 2017 revue de presse
2017-03-lesechos-lima-ultra-democratiser,2017-03,Les Echos,Le Lima Ultra veut démocratiser le cloud personnel,https://www.lesechos.fr/tech-medias/hightech/0211881426911-le-lima-ultra-veut-democratiser-le-cloud-personnel-2073376.php,https://www.lesechos.fr/tech-medias/hightech/0211881426911-le-lima-ultra-veut-democratiser-le-cloud-personnel-2073376.php,,online,fr,lima,rumeur-publique-email,15b6cded302e4ae5,,confirmed,true,7,Direct link given by Rumeur Publique
2017-03-itforbusiness-lima-cloud-personnel,2017-03,IT for Business,Un cloud personnel haute performance,http://www.itforbusiness.fr/thematiques/cloud-computing/item/8937-un-cloud-personnel-haute-performance,http://www.itforbusiness.fr/thematiques/cloud-computing/item/8937-un-cloud-personnel-haute-performance,,online,fr,lima,rumeur-publique-email,15b6cded302e4ae5,,confirmed,true,999,Direct link given by Rumeur Publique
2017-03-lemondeinformatique-lima-cloud,2017-03,Le Monde Informatique,Un petit cloud personnel avec Lima,http://www.lemondeinformatique.fr/actualites/lire-un-petit-cloud-personnel-avec-lima-67887.html,http://www.lemondeinformatique.fr/actualites/lire-un-petit-cloud-personnel-avec-lima-67887.html,,online,fr,lima,rumeur-publique-email,15b6cded302e4ae5,,confirmed,true,999,Direct link given by Rumeur Publique
2017-06-ecrantotal-lima-vivatech,2017-06-14,Ecran Total,Viva Tech (Lima mentioned),,,,print,fr,lima,rumeur-publique-email,15d11e56331291fd,2017-06-14-1013@E_T_ECRAN_TOTAL.pdf,confirmed,true,999,Daily marcom trade publication
2017-06-relaxnews-lima-vivatech,2017-06-16,Relaxnews,Viva Tech (Lima mentioned),,,,print,fr,lima,rumeur-publique-email,15d11e56331291fd,2017-06-16-1059@RELAXNEWS.pdf,confirmed,true,999,Wire agency
2017-06-latribune-hardwareclub,2017-06-17,La Tribune (newsletter),Levée de fonds du Hardware Club (Lima mentioned as portfolio company),,,,print,fr,lima,rumeur-publique-email,15d11e56331291fd,2017-06-17-1016@LA_TRIBUNE.pdf,confirmed,true,999,Newsletter edition
2017-06-itespresso-hardwareclub,2017-06-19,IT Espresso,Levée de fonds du Hardware Club (Lima mentioned),,,,print,fr,lima,rumeur-publique-email,15d11e56331291fd,2017-06-19-1236@IT_ESPRESSO_FR.pdf,confirmed,true,999,Newsletter edition
2017-06-itrnews-hardwareclub,2017-06-19,ITR News,Levée de fonds du Hardware Club (Lima mentioned),,,,print,fr,lima,rumeur-publique-email,15d11e56331291fd,2017-06-19-1238@ITRNEWS_COM.pdf,confirmed,true,999,Newsletter edition
2017-06-itchannel-hardwareclub,2017-06-19,IT Channel,Levée de fonds du Hardware Club (Lima mentioned),,,,print,fr,lima,rumeur-publique-email,15d11e56331291fd,2017-06-19-1463@ITCHANNEL_INFO.pdf,confirmed,true,999,Newsletter edition
2017-06-infodsi-hardwareclub,2017-06-21,Info DSI,Levée de fonds du Hardware Club (Lima mentioned),,,,print,fr,lima,rumeur-publique-email,15d11e56331291fd,2017-06-21-1315@INFODSI_MAGAZINE.pdf,confirmed,true,999,Newsletter edition
2017-06-metropolis-lima-ultra-test,2017-06-26,Metropolis (Italie),Test du Lima Ultra,,,,print,it,lima,rumeur-publique-email,15d11e56331291fd,31 - Metropolis del 26 Giugno 2017.jpg,confirmed,true,999,Italian outlet product test
2017-06-lesechos-tribune-flattin,2017-06-30,Les Echos,Tribune libre de Mathias Flattin,,,,print,fr,lima,rumeur-publique-email,15d11e56331291fd,2017-06-30-1543@LES_ECHOS.pdf,confirmed,true,7,Op-ed by Lima co-founder/exec Mathias Flattin
2019-02-macg-lima-ferme-service-inutilisable,2019-02-13,MacGeneration,"Lima ferme, le service inutilisable à partir du 1er mars",https://www.macg.co/logiciels/2019/02/lima-ferme-le-service-inutilisable-partir-du-1er-mars-105242,https://www.macg.co/logiciels/2019/02/lima-ferme-le-service-inutilisable-partir-du-1er-mars-105242,https://cdn.mgig.fr/2019/02/mg-3a08db96-c518-45dd-beb4_accroche.jpg,online,fr,lima;severin-marcombes,web-search,,,confirmed,false,16,"Reports Lima shutdown for financing reasons per Marcombes; servers going offline March 1, 2019, cutting off ~80,000 users worldwide, who must export data before the deadline."
2019-02-nextinpact-lima-ferme-portes-80000-utilisateurs,2019-02-14,Next (ex-Next INpact),"Lima ferme ses portes, plus de 80 000 utilisateurs sur le carreau",https://next.ink/brief_article/lima-ferme-ses-portes-plus-de-80-000-utilisateurs-sur-le-carreau/,https://next.ink/brief_article/lima-ferme-ses-portes-plus-de-80-000-utilisateurs-sur-le-carreau/,https://cdn.next.ink/inpactv7/data-next/images/bd/wide-linked-media/8249.jpg,online,fr,lima;severin-marcombes,web-search,,,confirmed,false,17,"Quotes Marcombes' Medium closure post; cites $3.7M raised in the 2013 Kickstarter and full infrastructure shutdown from March 1, 2019."
2019-02-clubic-lima-termine-cloud-personnel,2019-02-18,Clubic,Lima : c'est terminé pour le projet de cloud personnel malgré son kickstarter réussi,https://www.clubic.com/pro/actualite-e-business/investissement/actualite-850875-clap-fin-lima-projet-cloud-personnel-malgre-souleve-kickstarter.html,https://www.clubic.com/pro/actualite-e-business/investissement/actualite-850875-clap-fin-lima-projet-cloud-personnel-malgre-souleve-kickstarter.html,https://pic.clubic.com/v1/images/1699626/raw,online,fr,lima;severin-marcombes,web-search,,,confirmed,false,15,"Closure coverage; ~80,000 active users affected, users asked (unsuccessfully) for the code to be open-sourced; quotes Marcombes' 'financial problems we couldn't overcome' statement."
2019-02-rudebaguette-lima-cloud-personnel-fermeture,2019-02-26,Rude Baguette,"Lima, la start-up française au routeur cloud personnel, met la clé sous la porte",https://www.rudebaguette.com/2019/02/lima-cloud-personnel-fermeture/,https://www.rudebaguette.com/2019/02/lima-cloud-personnel-fermeture/,https://www.rudebaguette.com/wp-content/uploads/2019/02/lima-cloud-personnel-fermeture-_-Rude-Baguette-650x291.jpg,online,fr,lima;severin-marcombes,web-search,,,confirmed,false,18,"Closure recap: founded 2011 by Marcombes, €3.5M raised, 60 employees, 80,000 customers; first French startup past $1M on Kickstarter (2013); quotes Marcombes' closure statement."
2022-09-maddyness-dix-ans-apres-marcombes-creative-robots,2022-09-14,Maddyness,"Dix ans après : que devient Séverin Marcombes, le fondateur de Lima ?",https://www.maddyness.com/2022/09/14/severin-marcombes-lima-creative-robots/,https://www.maddyness.com/2022/09/14/severin-marcombes-lima-creative-robots/,https://www.maddyness.com/app/uploads/2022/09/SEVERIN_MARCOMBES.png,online,fr,severin-marcombes;lima,web-search,,,confirmed,false,13,"Ten-years-later retrospective covering Lima's rise and cash-flow failure, plus Marcombes' new venture Creative Robots (AI-focused, landing page live); quote: 'Je revivrais bien la plupart de l'aventure… modulo peut-être la partie finale.'"
2013-08-zdnet-lima-meet-privacy-space-backups,2013-08,ZDNet,"Meet Lima: Storage that means you never have to worry about privacy, space, or back-ups",https://www.zdnet.com/article/meet-lima-storage-that-means-you-never-have-to-worry-about-privacy-space-or-back-ups/,https://www.zdnet.com/article/meet-lima-storage-that-means-you-never-have-to-worry-about-privacy-space-or-back-ups/,https://www.zdnet.com/wp-content/uploads/sites/3/lima-on-smartphone.jpg,online,en,lima,web-search,,,confirmed,false,2,Added by Séverin directly.
2013-07-rudebaguette-forgetbox-plug-kickstarter,2013-07,Rude Baguette,Forgetbox's Plug Kickstarter campaign raises $70K in 12 Hours to turn any hard drive into your cloud,https://www.rudebaguette.com/en/2013/07/forgetboxs-plug-kickstarter-campaign-raises-70k-in-12-hours-to-turn-any-hard-drive-into-your-cloud/,https://www.rudebaguette.com/en/2013/07/forgetboxs-plug-kickstarter-campaign-raises-70k-in-12-hours-to-turn-any-hard-drive-into-your-cloud/,https://www.rudebaguette.com/wp-content/uploads/2013/07/237c6b6e529bab532cc1a7dd19de0944_large-e1373529355255.png,online,en,lima,web-search,,,confirmed,false,18,"ForgetBox is Lima's earlier name/product -- this predates the Lima rebrand, covering the 'Plug' device and its Kickstarter launch."
2012-04-jaimelesstartups-forgetbox,2012-04-04,J'aime les Startups,ForgetBox,https://www.jaimelesstartups.fr/forgetbox-mashupbday-envoi-gros-fichier-partage-fichier/,https://www.jaimelesstartups.fr/forgetbox-mashupbday-envoi-gros-fichier-partage-fichier/,,online,fr,severin-marcombes,web-search,,,confirmed,false,19,"Covers ForgetBox, Séverin's file-sending product before Lima -- the earliest press mention found."
